sr.No,username,password,businessReferenceCode,fullName,gender,businessName,accountUuid,identityNumber,identityType,dateOfBirth
1,andersontorp_1325287@aspireapp.com,12345678Ac!,SGSWAL,Janelle Heller,Female,,
2,gretabartoletti_7367173@aspireapp.com,12345678Ac!,SGCASA,Olga Ernser,Female,,
3,amarimorissette_4655499@aspireapp.com,12345678Ac!,SGSTAA,Abraham Satterfield,Female,,
4,saas_admin@aspireapp.com,12345678Ac!,SGSAAA,Saas Admin,Female,,
5,lelaprohaska_8494526@aspireapp.com,12345678Ac!,SGPREJ,Stella Stokes,Male,,
6,wilburnbraun_4387304@aspireapp.com,123456,SGNUNM,Nasir Bogisich,Male,,
7,clevecarroll_9413870@aspireapp.com,12345678Ac!,SGKUPY,Christopher Hintz,Female,,
8,darbykris_9257611@aspireapp.com,12345678Ac!,SGMRSP,Christop Paucek,Female,,
9,gisselleroberts_6539465@aspireapp.com,123456,SGNUNM,Kip Schuppe,Male,,
10,hk_employee_bo@example.com,123123Ac!,SGNUNM,Employee Bo,Female,,
11,tysonkuphal_4565520@example.org,12345678Ac!,SGMCLN,Gabriel Rippin,Male,,
12,saas_admin_edit@aspireapp.com,12345678Ac!,SGSAAA,Saas Admin Edit,Female,,
13,admin@auto.com,12345678Ac!,SGAUCZ,Admin Auto,Male,,
14,camdenwalsh_3942445@example.net,12345678Ac!,SGSCGT,Carmela Gutkowski,Male,,
15,finance.transfer@auto.com,12345678Ac!,SGLTDA,Finance Transfer Auto,Male,,
16,tn_submit@example.com,12345678Ac!,SGLTDA,Admin,Male,,
17,tn_emp1@example.com,12345678Ac!,SGLTDA,Admin,Male,,
18,fabiolabarrows_5631215@example.com,12345678Ac!,SGAUTF,Jordyn Yost,Male,,
19,laronbayer_9692859@aspireapp.com,12345678Ac!,SGMCLN,Carmen Champlin,Male,,
20,jeaniechamplin_706238@aspireapp.com,12345678Ac!,SGQUTL,Caitlyn Gulgowski,Male,,
21,garlandbreitenberg_1381156@aspireapp.com,12345678Ac!,SGFUNK,Skylar Deckow,Male,,
22,ad-bk@aspireapp.com,12345678Ac!,SGBKKK,Admin,Male,Bookkeeping,98a69785-592c-41ba-951a-b6ff565c2ef6
23,domingosawayn_3596073@aspireapp.com,12345678Ac!,SGMCLN,Elbert Ankunding,Female,,
24,rebeccabednar_8104980@example.com,12345678Ac!,SGBECG,Floy Torp,Female,,
25,finance.transfer.no.transfer.or.submit_810264@aspireapp.com,12345678Ac!,SGDAR5,Finance No Transfer Or Submit,Male,,
26,finance.submit.only_2179792@aspireapp.com,12345678Ac!,SGDAR5,Finance Submit Only,Female,,
27,finance.transfer.only_1702515@aspireapp.com,12345678Ac!,SGDAR5,Finance Transfer Only,Female,,
28,finance.transfer.no.transfer.or.submit_3510196@aspireapp.com,12345678Ac!,SGMCLN,Finance No Transfer Or Submit,Female,,
29,finance.submit.only_2051741@aspireapp.com,12345678Ac!,SGMCLN,Finance Submit Only,Female,,
30,finance.transfer.only_6276045@aspireapp.com,12345678Ac!,SGMCLN,Finance Transfer Only,Female,,
31,amyahartmann_1513994@aspireapp.com,12345678Ac!,SGBECG,Shirley Kerluke,Male,,
32,destineegoyette_8856092@aspireapp.com,12345678Ac!,SGBECG,Cornelius Durgan,Male,,
33,tomasadouglas_621319@aspireapp.com,12345678Ac!,SGBECG,Tom Greenholt,Male,,
34,idrdebitadmin@ap.com,12345678Ac!,SGTESA,Idr Admin,Male,,
35,bretthane_8662193@example.net,12345678Ac!,SGZUAL,Julienne Rutherford,Female,,
36,queenconn_1329957@example.org,12345678Ac!,SGSTKB,Eleanore Tromp,Female,,
37,rhiannoncassin_483033@example.com,12345678Ac!,SGSNSW,Hyman Goyette,Male,,
38,kelliequitzon_4200733@example.org,12345678Ac!,SGJAWY,Rhianna Mraz,Female,,
39,jerrodlang_7958586@example.net,12345678Ac!,SGKUTP,Crystal Keeling V,Female,,
40,twilabernier_5360166@example.net,12345678Ac!,SGBATA,Cassandre Wehner Iii,Male,,
41,janiemoen_6017426@example.com,12345678Ac!,SGREN2,April Rutherford,Male,,
42,deshaunquigley_4104958@example.org,12345678Ac!,SGHANZ,Joanny Koss,Female,,
43,royceveum_4685079@example.org,12345678Ac!,SGBEEG,Corene Kiehn I,Female,,
44,magdalenabosco_3031389@example.net,12345678Ac!,SGHESL,Maria Lockman,Male,,
45,marcelinayost_6931256@example.net,12345678Ac!,SGAUTS,Halle Lesch Iv,Female,,
46,claudebosco_6327942@example.net,12345678Ac!,ANACRK,Anabel Corkery,Male,,
47,randystark_9895532@example.com,12345678Ac!,SGPNSH,Jaeden Grady Dvm,Female,,
48,meggiejenkins_445235@example.org,12345678Ac!,SGDCKJ,Letitia Grimes,Female,,
49,erit91@ap.com,12345678Ac!,ERT2DN,Misael Rice,Female,,
50,erit92@ap.com,12345678Ac!,FNATTG,Finance Transfer Only,Male,,
51,erit93@ap.com,12345678Ac!,FNASUV,Finance Submit Only,Female,,
52,erit94@ap.com,12345678Ac!,FNATRK,Finance No Transfer Or Submit,Male,,
53,erit95@ap.com,12345678Ac!,SGERL5,Employee 01,Female,,
54,americawalter_7944662@example.com,12345678Ac!,SGWAEG,Dianna Kovacek,Female,Waelchi-Leuschke,993bcf56-6a6e-4bcd-8bc6-457cad17f5e7
55,melissahettinger_7529465@example.org,12345678Ac!,SGTREK,Adele Considine,Male,,
56,hknium230927@example.com,123123Ab!,SGNUNM,Duc Nium,Male,,
57,laurianezulauf_5017484@example.com,12345678Ac!,SGPNAA,Ken Trantow Md,Female,,
58,loycehand_8873590@example.net,123456,SGKENK,Antone Franecki,Male,,
59,domenickfadel_7873192@example.net,123456,FETPAC,Fleta Pacocha,Male,,
60,loganhintz_5702313@example.org,12345678Ac!,SGBERN,Sylvester Mcglynn,Male,BernhardAuto,
61,arlomitchell_343550@example.org,123456,SGLUBG,Mr. Rocky Altenwerth,Male,,994b9ee7-ea70-46dc-8700-6f1f09b03553
62,finance.transfer.only_1076582@aspireapp.com,123456,SGBEEG,Finance Transfer Only,Male,,
63,erickafranecki_5199336@aspireapp.com,123456,SGLUBG,Arely Towne,Male,,994b9ee7-ea70-46dc-8700-6f1f09b03553
64,rashawnrempel_9628637@aspireapp.com,123456,SGLUBG,Mylene Pouros,Male,,994b9ee7-ea70-46dc-8700-6f1f09b03553
65,codyfritsch_2887651@aspireapp.com,123456,SGLUBG,Tevin Kessler,Female,,994b9ee7-ea70-46dc-8700-6f1f09b03553
66,mattbaumbach_3104896@aspireapp.com,123456,SGLUBG,Jairo Kertzmann,Female,,994b9ee7-ea70-46dc-8700-6f1f09b03553
67,hayleyeffertz_3861581@aspireapp.com,123456,SGLUBG,Bradford Abernathy,Female,,994b9ee7-ea70-46dc-8700-6f1f09b03553
68,zoilayundt_7419654@aspireapp.com,123456,SGLUBG,Ansley Cummings,Female,,994b9ee7-ea70-46dc-8700-6f1f09b03553
69,alisawaters_6618869@example.com,123456,SGLNDA,Ahmad Pouros,Female,Lind Auer and Marks,999479e9-4646-433a-93e2-a733ec7c2385
70,wileyankunding_713302@example.com,123456,REBLEG,Rebeka Legros,Male,,
73,emiliowunsch_1559824@example.net,12345678Ac!,SGPNAD,Rickey Towne,Female,,
74,vicentecarroll_1854740@example.com,12345678Ac!,SGPNAR,Dr. Rolando Kuhic,Female,,
75,carletongraham_6523192@example.com,12345678Ac!,SGPNS5,Lysanne Skiles,Male,,
76,ethad'amore_1830068@example.net,123456,,,,,,
77,antoniettakerluke_5263241@example.com,12345678Ac!,SGPNAF,Prof. Kenny Hodkiewicz,Male,,
78,jewelllakin_9701406@example.com,12345678Ac!,PRFDAY,Prof. Dayana Skiles,Male,,
79,ovastamm_8087030@example.net,12345678Ac!,SGAU2R,Dr. Gonzalo Crona,Male,,
80,finance.transfer.only_1375410@aspireapp.com,123456,SGEKA7,Finance Transfer Only,Female,,,
81,alfdubuque_5928763@example.org,123456,SGEKA7,Sun,Male,,,
82,auto_claim_admin@aspireapp.com,123456,SGCALY,Auto Claim Admin,Male,Auto Claim Admin,
83,auto_claim_employee@aspireapp.com,123456,SGCALY,Auto Claim Employee,Male,Automation claim,
84,auto_claim_finance@aspireapp.com,123456,SGCALY,Auto Claim Finance,Male,Automation claim,
85,auto_claim_c11365@aspireapp.com,123456,SGCALY,Auto Claim Finance,Male,Automation claim,
86,auto_claim_c11364@aspireapp.com,123456,SGCALY,Randi Greenfelder,Male,Automation claim,
87,auto_claim_c1304@aspireapp.com,123654Ac!,SGCALY,Jovan Herzog,Male,Automation claim,
88,rhiannacrooks_2920477@example.org,12345678Ac!,MAXCRU,Maxie Cruickshank,Male,,
89,damienstreich_1101448@example.net,12345678Ac!,PRFTYR,Prof. Tyreek Kautzer,Male,,
90,card.only_3474710@aspireapp.com,123456,SGEKA7,Card Only,Male,,,
94,lornapadberg_9516730@example.com,12345678Ac!,BRDMRA,Bridget Mraz,Male,,
95,kalliekassulke_6191300@example.org,12345678Ac!,MARNEN,Dr. Marie Nienow,Male,,
96,auto_claim_c1320@aspireapp.com,123456,SGCALY,Ezequiel Schultz,Female,,,
97,auto_claim_c1320_admin@aspireapp.com,123456,SGCALY,Mya Crona,Male,,,
98,auto_claim_c11285@aspireapp.com,123456,SGCALY,Finance View Only,Female,Automation claim,
99,auto_claim_c11286@aspireapp.com,123654Ac!,SGCALY,Dereck Hills,Male,Automation claim,
100,admin@inv.com,123456,PRFJEQ,Prof. Jeremie Orn Sr.,Male,,,
101,emp@inv.com,123456,AMARWE,Amaya Rowe,Female,,,
102,emp.bo@inv.com,123456,CARYBG,Card Only,Male,,,
103,emp.bm@inv.com,123456,ASHPRC,Ashley Price,Female,,,
104,fv@inv.com,123456,FNTPD6,Finance No Transfer Or Submit,,,
105,vanessazulauf_721719@example.org,12345678Ac!,SGHKBN,Pink Daniel,Female,,
106,emiliadickens_7402921@example.com,12345678Ac!,SGCNAR,Adrianna Kilback,Female,,
109,gailherman_496262@example.net,123456,RANSTT,Randy Stoltenberg,Female,,
110,qa.auto.fv@inv.com,123456,FNAT6G,Finance No Transfer Or Submit,Female,,
111,parisglover_3730700@example.net,123456,SGMA5S,Mars,Female,,,
112,finance.transfer.only_220694@aspireapp.com,123456,SGMA5S,Finance Transfer Only,Female,,,
113,finance.submit.only_220694@aspireapp.com,123456,SGMA5S,Finance Submit Only,Male,,,
114,ad-bk-automation@aspireapp.com,123456,SGBKKK,Ad Bk Automation,Male,Bookkeeping,98a69785-592c-41ba-951a-b6ff565c2ef6
115,burleyschaden_1224840@aspireapp.com,123456,FNTSYQ,Finance Transfer Only,Male,,
116,allieheller_5438243@example.com,123456,SGDAVA,Ezequiel Hammes,Male,Bookkeeping SGD debit only,9925968c-1a5f-4543-9fa0-b13fcce5449d
117,reporting_field_qa_automation@aspireapp.com,123456,SGREYA,Rogers Wiza,Female,Reilly Abernathy and Kulas,99c5a62e-718f-4f3b-b2c1-80dec4fe6bd7
118,reporting_field_finance_qa_automation@aspireapp.com,123456,SGREYA,Finance Transfer Only,Male,Reilly Abernathy and Kulas,99c5a62e-718f-4f3b-b2c1-80dec4fe6bd7
119,reporting_field_emp_qa_automation@aspireapp.com,123456,SGREYA,Finance Transfer Only,Male,Reilly Abernathy and Kulas,99c5a62e-718f-4f3b-b2c1-80dec4fe6bd7
120,venusbuilders_1033@example.org,123456,SGVENB,Venus,Male,,
121,drewking_1033@aspireapp.com,123456,SGVENB,Bettye Wunsch,Female,,
122,blakemcglynn_6351911@example.net,123456,SGMTCL,Sheridan Runolfsdottir,Male
123,minalarson_9703599@example.org,123456,SGMANW,Dr. Coby Haag Sr.,Female
124,darwinpacocha_1480342@example.com,123456,SGSTLU,Olin Armstrong Dds,Male
125,dariuskirlin_5644843@example.org,123456,KENCUP,Ken Cummerata,Male,,
126,elsehaley_9242138@aspireapp.com,12345678Ac!,SGFRAP,Arely Wyman,Female,,
127,kaileekilback_5910375@aspireapp.com,12345678Ac!,SGBRLP,Edison Denesik,Female,,
128,antonettabahringer_6170362@aspireapp.com,12345678Ac!,SGMCCE,Claud Stehr,Male,,
129,cristianrolfson_1104211@example.net,12345678Ac!,CHEEBE,Chelsea Ebert,Male,,
130,delilahprosacco_1195773@aspireapp.com,12345678Ac!,FNATSG,Finance Transfer Only,Male,,
131,nyasiapfeffer_9319828@example.org,123123Abc!,SGTHEF,Hannah Purdy,Female,,
132,finance.transfer.only_8770329@aspireapp.com,123456,SGTHEF,Finance Transfer Only,Male,,
133,emerymonahan_4138496@example.com,123456,SGPHYA,Carol Koss,Male,,
134,saasautomationadmin@ap.com,12345678Ac!,SAA37T,Saas Automation Admin,Male,,
135,gretchenvolkman_2941823@example.com,12345678Ac!,JERDAM,Jerrod D'amore,Male,,
136,zoemarks_5202360@example.net,123456,HESVV5,Lois Hessel,Male,,
137,kaileypacocha_1175871@aspireapp.com,123456,SGFAYB,Admin Mcc Sgd Inr,Male,MCC SGD Auto,
138,sonyawilliamson_8125243@example.com,123456,SGGREX,Lila Schuster,Male,Green Inc,
139,esmeraldacummings_441546@aspireapp.com,123456,SGGREX,Dylan Luettgen,Male,Green Inc,
140,lawsonmedhurst_2736410@aspireapp.com,123456,SGGREX,Mcc Emp Myr,Male,Green Inc,
141,ezragislason_1967591@aspireapp.com,123456,SGFAYB,Transfer Mcc Sgd Eur,Female,MCC SGD Auto,
142,ellaconsidine_1132497@example.net,123456,SGFAYB,Admin Mcc Sgd Usd,Female,MCC SGD Auto,
143,janiestracke_7393740@example.org,123456,SGRGAK,Prof. Wanda Dooley Md,Male,,
144,employeeanalytics@aspireapp.com,123456,SGKUMB,Employee,Male,,
145,gwendolynpacocha_500071@example.net,123456,FRAWHT,Florian White V,Male,,,
146,marshallturner_6968602@aspireapp.com,123456,NEDWNT,Ned Wintheiser,Female,,
147,ronnyjones_3965612@aspireapp.com,123456,DUDSKE,Dudley Skiles,Female,,
150,michaelaking_1720842@example.com,123456,SGKUMB,Christophe Bernier Sr.,Female,,
151,jaymewalker_5763463@example.com,123456,BRDBRA,Bridget Brakus,Male,,
152,finance.transfer.only_2652820@aspireapp.com,123456,SGKUMB,Finance Analytics,Male,,
153,douglasdicki_7474320@example.org,123456,SGHAMK,Prof. Kraig Rempel Jr.,Female,,
154,finance.transfer.no.transfer.or.submit_7236884@aspireapp.com,123456,SGHAMK,Finance Receipt,Male,,
155,quentinjast_9153050@example.org,123456,CRAHAN,Crawford Hand,Female,,
156,dedrickgreenfelder_3983963@example.net,123456,HEGUDU,Otto Hegmann,Male,,
157,martatillman_4108259@example.net,123456,JHNJAC,Johnathon Jacobson,Male,,
158,ebonyglover_641375@aspireapp.com,123456,WERDEN,Werner Denesik Phd,Male,,
159,makenziefarrell_8706623@example.com,123456,SEMCAR,Mr. Selmer Carroll Dvm,Male,,
160,niawillms_1364299@aspireapp.com,123456,PRFNEW,Prof. Newell Hill Jr.,Male,,
161,jacksonabernathy_9197788@example.com,12345678Ac!,SGPNEY,Geoffrey Boyle,Male,,
162,card.only_7101274@aspireapp.com,12345678Ac!,SGPNEY,Card Only,Male,,
163,jacintoskiles_3404977@example.org,12345678Ac!,SGPNAM,Miss Emmie Ernser,Female,,
164,lavadalebsack_1631410@example.org,12345678Ac!,SGPNAU,Jewell Farrell,Female,,
165,finance.transfer.only_87950@aspireapp.com,12345678Ac!,SGPNAU,Finance Transfer Only,Female,,
166,mireyasanford_269922@example.org,12345678Ac!,SGPNRU,Jay Jerde,Female,,
167,finance.transfer.only1123654@aspireapp.com,12345678Ac!,SGPNRU,Finance Transfer Only,Female,,
168,reportingfieldadmin@example.net,123456,SGREPF,Reporting Field Admin,Female,,
169,bk_001@example.org,123456,SGJAC2,Landen Orn,Female,Ottis Powlowski,,,
170,raegankuphal_8458569@example.com,123456,STEMCG,Stephanie Mcglynn,Female,Ortiz Inc,
171,kylerdare_440808@example.net,123456,SGJAC2,Genoveva Adams,Female,Oberbrunner Kautzer and Bergnaum,
172,ft.multi.currency@mc.com,123456,FNTU3H,Finance Transfer Only,Female,Ortiz Inc,
173,finance.submit.only_2632386@aspireapp.com,123456,FNS7YA,Finance Submit Only,Female,Ortiz Inc,
174,finance.transfer.no.transfer.or.submit_965349@aspireapp.com,123456,FNTPYK,Finance No Transfer Or Submit,Male,Ortiz Inc,
175,elnorajones_6695755@aspireapp.com,123456,SGBKKK,Ad Bk Automation,Male,Bookkeeping,98a69785-592c-41ba-951a-b6ff565c2ef6
176,ariannafeest_578631@example.org,123456,FNTPYK,Finance No Transfer Or Submit,Male,Ortiz Inc,
177,aliciacollins_1121623@aspireapp.com,12345678Ac!,SGTESA,Treva Schoen,Female,,
178,axelmaggio_9890441@example.net,12345678Ac!,SGPNAC,Charles Harber,Female,,
179,bk_bill_line_item@example.com,123456,FNTPYK,Sheila Pouros,Male,Ortiz Inc,
180,bk_reporting_field@example.org,123456,FNTPYK,Jerrold Daugherty,Male,Ortiz Inc,
181,bk_reporting_field_create@example.org,123456,FNTPYK,Sheila Pouros,Male,Ortiz Inc,
182,bk_upload_match_receipt_1@example.net,123456,FNTPYK,Dr. Cathy Simonis Ii,Female,Ortiz Inc,
183,charleneo'conner_4479833@example.net,123456,SGHCKH,Prof. Caesar Baumbach Md,Male,,
184,macbernier_9568502@aspireapp.com,123456,SGBKKK,Kamille Quigley,Female,Bookkeeping,98a69785-592c-41ba-951a-b6ff565c2ef6
185,roselynvolkman_6603157@aspireapp.com,123456,SGBKKK,Maureen Emmerich,Male,Bookkeeping,98a69785-592c-41ba-951a-b6ff565c2ef6
186,rauldooley_85379@aspireapp.com,123456,SGBKKK,Harrison Walter,Male,Bookkeeping,98a69785-592c-41ba-951a-b6ff565c2ef6
187,emp-bk@aspireapp.com,12345678Ac!,SGBKKK,Cheyanne Abbott,Female,Bookkeeping,98a69785-592c-41ba-951a-b6ff565c2ef6
188,jannieveum_6287375@example.com,123123Ac!,GARGRE,Garret Green,Female,,,
194,alannafadel_5278861@example.org,123456,CAYSTE,Cayla Steuber,Female,,
195,jaceyrau_6089885@aspireapp.com,123456,FNTUGH,Finance Transfer Only,Female,,
196,dariuskirlin_5644843@example.org,123456,SGBEG8,Ken Cummerata,Male,,
197,erit91@ap.com,12345678Ac!,ERT2DN,Misael Rice,Female,,
198,card.only_2615747@aspireapp.com,123456,SGTHEF,Card Only,Male,,
199,erit95@ap.com,12345678Ac!,SGERL5,Employee 01,Female,,
200,finance.transfer.no.transfer.or.submit_9787146@aspireapp.com,123456,SGTHEF,Finance No Transfer Or Submit,Male,,
201,rodfranecki_4708266@example.com,123123Abc!,SGBUAD,Physicalcardadmin,Male,,
202,finance.submit.onlypc@aspireapp.com,123123Abc!,SGBUAD,Finance Submit Only,Female,,
203,edmondyost_4150069@aspireapp.com,123456,SGBUAD,Mrs. Amya Frami,Male,,
204,director_transaction_only@ap.com,123456,SGWEBC,Director Transaction Only,Female,,
205,card.only_6633936@aspireapp.com,123456,SGPHYA,Card,Male,,
206,card.onlypc@aspireapp.com,123123Abc!,SGBUAD,Card Only,Male,,
207,finance.transfer.onlybc@aspireapp.com,123456,SGPHYA,Finance Transfer Only,Male,,
208,rosemarybrown_9781991@example.net,123456,SGCALE,Prof. Bernie Bosco Iii,Female,,
209,adminml@example.org,123456,SGCARW,Admin Ml,Female,,
210,charleypaucek_4262589@example.com,123456,SGGDWR,Terrill Lueilwitz,Male,,
211,vicentamante_455382@aspireapp.com,123123123Ac!,SGLUBG,Gladys Shields,Male,,994b9ee7-ea70-46dc-8700-6f1f09b03553
212,izabellarohan_2393078@aspireapp.com,123456,SGLUBG,Gay Bednar,Female,,994b9ee7-ea70-46dc-8700-6f1f09b03553
214,marielalittel_7631010@aspireapp.com,123456,SGLUBG,Tessie Bergnaum,Female,,994b9ee7-ea70-46dc-8700-6f1f09b03553
215,piperjohnson_4948081@aspireapp.com,123456,SGLUBG,Patricia Murphy,Male,,994b9ee7-ea70-46dc-8700-6f1f09b03553
216,bellbrekke_9140027@aspireapp.com,123123123Ac!,SGLAKC,Kiley Conroy,Female,,994b9ee7-ea70-46dc-8700-6f1f09b03553
217,modestastracke_3237679@example.org,123456,KREBAT,Korey Batz,Male,Wintheiser-Schowalter,
218,jordiwisozk_411559@example.com,123456,SCHFYQ,Billy Schumm V,Female,Swaniawski Gaylord and Crona,
219,jaymeblick_7655565@example.com,123456,SGGRPS,Lelah Tromp,Female
220,regannikolaus_4525098@example.com,123456,MAYTMA,Maymie Tillman,Female,,
221,judyharber_5870894@example.org,123456,ANNRSE,Annette Rosenbaum,Male,Cremin Group,
222,donnellstracke_28142@example.net,123456,STACER,Stacey Collier,Female,Jast and Sons,
223,ethylklocko_1320135@example.org,123456,MARGBV,Markus Grady,Female,,
224,alenahomenick_7108202@example.net,123456,SGKUHS,Mr. Stanton Torp V,Female,Kuhic Steuber and Dicki,
225,kaylahokuneva_6054434@example.org,123456,SGLUE4,Matteo Volkman,Female,,
226,gustshields_3654374@example.org,123456,SGREYD,Prof. Amos Pouros,Female,Reynolds-Harvey,
227,josiaho'reilly_6398158@aspireapp.com,123123,SGCUZF,Candace Kassulke,Male,,
228,kadenwisozk_8451998@example.org,12345678Ac!,SGHUEM,Prof. Abigayle Goodwin Ii,Female,,
229,caseyrodriguez_2579439@example.org,12345678Ac!,SGFE4Y,Eda Kutch Dvm,Female,,
231,jessrogahn_6122126@example.net,123456,DEEHAR,Dee Hartmann,Male,,
232,odellhudson_9149392@example.com,123456,MSSBET,Miss Bethany Dickinson,Female,,
233,kipdicki_513468@example.org,123456,RYABAH,Rylan Bahringer Md,Male,,
234,moriahfriesen_261943@example.com,123456,KAEPRC,Kailey Price,Female,,
235,glennaboehm_5411907@aspireapp.com,12345678Ac!,TANSNS,Tianna Osinski,Female,,
236,employee_3213730@aspireapp.com,123456,FNAT7A,Employee_33,Male,,
237,carrolllebsack_1444415@aspireapp.com,123456,SAGSCH,Mr. Saige Schumm,Female,,
238,rodrigostiedemann_499235@example.com,123456,NEAGUS,Nella Gusikowski,Male,,
239,chasitywisokies_8048589@example.com,123456,CURBAS,Courtney Balistreri,Female,
240,finance.transfer.only_2411318@aspireapp.com,123456,FTEM65,Finance Transfer Only,Female,,
241,chandleryundt_8608688@example.com,123456,JAMMCC,Jamir Mccullough,Female,,
242,eur01@ap.com,123456,SGEURB,Director,Male,,
243,eur41@ap.com,123456,DRE663,Director,Male,,
244,finance.transfer.only_486323@aspireapp.com,123654Ac!,FNTXQD,Finance Transfer Only,Male,,
245,justonsmith_8538578@aspireapp.com,123456,PRFCRD,Employee Budget Owner,Male,,
246,rubietromp_1759053@aspireapp.com,123456,CANRYA,Candace Ryan,Male,,
247,elm01@ap.com,123456,SGCAAZ,Clm Director,Male,,
248,hillaryhickle_8081662@example.org,123456,MYRWAE,Myra Waelchi,Female,,
249,finance.submit.only_4474677@aspireapp.com,123456,FNSBYF,Finance Submit Only,Female,,
250,card.only_226217@@aspireapp.com,123456,CAR9R7,Card Only,Female,,
251,francishirthe_8513869@example.net,123456,MADBAZ,Maida Bauch,Female,,
252,charitybotsford_1232401@aspireapp.com,123456,GBEWHT,Mr. Gilbert White,Female
253,alexandrinekshlerin_4349306@example.org,123456,MSSREA,Miss Reanna Swift,Male,,
254,jordiwisozk_411559@example.com,123456,SCHFYQ,Billy Schumm V,Famle,,
255,berneicerogahn_7461681@example.org,123456,DAJHAU,Daija Hauck,Male,,
256,lisettezemlak_588770@example.org,12345678Ac!,THAWAM,Thaddeus Williamson,Female,,
257,coralielegros_4253986@example.net,12345678Ac!,MRSEYR,Mrs. Elyse Zulauf,Female,,
258,armanio'kon_3043574@example.org,12345678Ac!,PRFARJ,Prof. Arjun Schimmel Dds,Male,,
259,benjaminschaefer_8842792@example.org,12345678Ac!,EVEMAN,Eveline Mante,Male,,
260,carsonkonopelski_3558179@example.net,12345678Ac!,NEN98K,Rico Nienow Iv,Male,,
261,ernestinashanahan_608837@example.net,12345678Ac!,RVEKNG,River Konopelski,Female,,
262,card.only_testau1@aspireapp.com,12345678Ac!,CARPEY,Card Only,Male,,
263,ruthgusikowski_3293918@example.com,12345678Ac!,PRFFRD,Prof. Ford Hoppe,Male,,
264,kennethcarroll_9427502@example.net,12345678Ac!,GABKEE,Gabriella Keebler,Male,,
265,finance.transfer.only_12322@aspireapp.com,12345678Ac!,FNTBMX,Finance Transfer Only,Male,,
266,lysannewilkinson_1177436@example.com,12345678Ac!,KRSKUT,Kristina Kutch,Male,,
267,raphaelnikolaus_9559534@aspireapp.com,12345678Ac!,KATRUY,Katherine Ruecker,Male,,
268,card.only_5906222@aspireapp.com,12345678Ac!,CARCF8,Card Only,Male,,
269,finance.transfer.no.transfer.or.submit_423899@aspireapp.com,123456,FNTNMB,Finance No Transfer Or Submit,Female,,
270,empa1@ap.com,123456,CARW8T,Card Only,Female,,
271,herminiaconnelly_3072478@example.net,123456,PRFLEN,Prof. Leonardo Kuvalis Phd,Male,,
272,finance.transfer.123123@inv.com,123456,FNTUYY,Finance Transfer Only,Male,,
273,jaymeblick_7655565@example.com,123456,SGGRPS,Lelah Tromp,Female
274,auto.employee@mc.com,123456,CARQXN,Card Only,Female,Mayert Powlowski and Wilkinson,
275,velvadeckow_5668558@example.org,123456,KASQUG,Kasandra Quigley,Male,,
276,valentinarohan_5231013@example.com,123456,SGSSU5,Issuecardadmin,Female,,,
277,finance.transfer.only.ic_4138440@aspireapp.com,123456,SGSSU5,Finance Transfer Only,Male,,,
278,finance.transfer.only_2578972@aspireapp.com,123456,SGDER4,Finance Transfer Only,Male,,,
279,finance.transfer.only_486323@aspireapp.com,123654Ac!,SGCRAK,Finance Transfer Only,Male,,,
280,adelbertdonnelly_729836@example.org,123456,SGPNMX,Tyler Rodriguez Jr,Male,,,
281,justusstark_6488786@example.com,123456,SGPNF8,Susanna Morar,Male,,,
282,aricstiedemann_9133451@example.net,123456,SGPNUY,Mrs. Elyssa Kuphal Dds,Male,,,
283,isadorebahringer_4968170@example.com,123456,SGADMG,Budgetmodifyapprover,Male,,,
284,finance.transfer.only.ba@aspireapp.com,123456,SGADMG,Finance Transfer Only,Female,,,
285,anitacremin_6141201@example.com,123456,SASP4G,Sasha Mills,Female,,,
286,lurlinerutherford_8863055@example.org,123456,DAABAT,Dallas Batz,Female,,,
287,dira1@ap.com,12345678Ac!,DREEK2,Director,Male,,
288,dira@ap.com,12345678Ac!,DRECDD,Director Zero,Male,,
289,dira2@ap.com,12345678Ac!,DRETTY,Director,Male,,
290,empa2@ap.com,12345678Ac!,CAR3DE,Card Only,Male,,
291,fita2_4718685@ap.com,12345678Ac!,FNASCY,Finance Submit Only,Male,,
292,fita1_3810445@ap.com,12345678Ac!,FNTJB5,Finance Transfer Only,Female,,
293,dire1@ap.com,12345678Ac!,DREBUF,Director,Female,,
294,five1@ap.com,12345678Ac!,FNTYCM,Finance No Transfer Or Submit,Male,,
295,empe1@ap.com,12345678Ac!,CARW7F,Card Only,Female,,
296,diru2@ap.com,12345678Ac!,DRECWD,Director,Female,,
297,eileenbruen_8160237@example.net,12345678Ac!,PRFDEE,Prof. Delphine Hauck Ii,Male,,
298,dira4@ap.com,12345678Ac!,DREWNR,Director,Female,,
299,empa4@ap.com,12345678Ac!,CARWQQ,Card Only,Male,,
300,jonathontorphy_1989424@example.net,123456,SGLL74,Admin,Female,Toy LLC,9a554ed9-b805-4de6-ac16-81515c58d325
301,card.only_5296745@aspireapp.com,123456,SGLL74,Card Only,Female
302,finance.submit.only_5363665@aspireapp.com,123456,SGLL74,Finance Submit Only,Male
303,leonoragulgowski_2908530@example.com,12345678Ac!,SGTHG3,Alize Kertzmann,Male,,
304,lauriannesipes_502494@aspireapp.com,12345678Ac!,SGTHG3,Joshuah Roberts,Male,,
305,selmerjenkins_5087868@example.org,12345678Ac!,SGWFFN,Naomi Morar,Female,,
306,frederiquebins_8880607@aspireapp.com,12345678Ac!,SGWFFN,Glen Fay,Male,,
307,efrenfisher_4328314@example.net,12345678Ac!,SGSMGJ,Wendell Muller,Female,,
308,saraigrady_3678925@aspireapp.com,12345678Ac!,SGSMGJ,Hollie Gutkowski,Female,,
309,mozellecarter_6035373@example.com,12345678Ac!,SGFSSK,Alek Aufderhar,Female,,
310,rogelioheller_9337166@aspireapp.com,12345678Ac!,SGFSSK,Orlando Watsica,Female,,
311,aniyafritsch_4291186@example.net,12345678Ac!,SGCAVW,Dexter Bergnaum,Male,,
312,groversanford_3871212@aspireapp.com,12345678Ac!,SGCAVW,Chester Kuhlman,Male,,
313,danielletorp_3785349@example.net,12345678Ac!,SGKEME,Gretchen Stroman,Female,,
314,donnalang_5841207@example.net,12345678Ac!,SGSCDQ,Prof. Kirstin Renner,Male,,
315,ashlynnbogan_102474@example.org,12345678Ac!,SGJHGF,Gene Brakus,Female,,
316,employee_2121@aspireapp.com,12345678Ac!,SGJHGF,Card Only,Male,,
349,leonzieme_8079917@example.org,123456,SGCARM,Hermina Rowe,Female,,
350,card.only_cb@aspireapp.com,123456,SGCARM,Card Only,Female,,
351,revagleason_3285472@example.com,123456,SGMTCG,Admin,Female
352,card.only_6364925@aspireapp.com,123456,SGMTCG,Card Only,Female
353,finance.submit.only_3329128@aspireapp.com,123456,SGMTCG,Finance Submit Only,Male
354,elliotschowalter_8980883@example.com,123456,SGFTEY,Filtercardsbybudgetadmin,Male
355,loismarks_434177@example.com,123456,SGEMPM,Cannoteditbudgetadmin,Male
356,card.only_ceb@aspireapp.com,123456,CARFYP,Card Only,Male
357,muhammadziemann_8678222@example.net,12345678Ac!,KARHAH,Karine Hartmann,Male
358,card.only_099@aspireapp.com,12345678Ac!,CARJXS,Card Only,Female
359,hoseawiegand_9608936@example.com,12345678Ac!,DRRWYM,Dorris Wyman,Female
360,kennethstamm_7608034@example.com,12345678Ac!,MSSBRH,Miss Brielle Schmidt Jr.,Male
361,card.only_0324@aspireapp.com,12345678Ac!,CARZBR,Card Only,Female
362,card.only_317754@aspireapp.com,12345678Ac!,CARRUU,Card Only,Male
363,corinerodriguez_9006307@example.com,12345678Ac!,MAFSMN,Ms. Mafalda Simonis,Male
364,card.only_436345@aspireapp.com,12345678Ac!,CARNYD,Card Only,Male
365,quincymayert_2015021@aspireapp.com,12345678Ac!,ASHK2U,Ashley Kuhn,Female
366,haileyeffertz_4494726@aspireapp.com,12345678Ac!,HARZEP,Hilario Zemlak,Female
371,rubenlockman_2895622@example.net,12345678Ac!,PATHAM,Patricia Hamill,Male,,,
372,estevanraynor_6431783@example.com,12345678Ac!,LNWPRC,Linwood Price,Female,,,
373,madalynboyle_5092720@example.net,12345678Ac!,SGBEEK,Alexandrine Effertz,Male,,
374,employee_company@aspireapp.com,12345678Ac!,SGBEEK,Card Only,Male,,
375,emeraldbraun_9801752@aspireapp.com,12345678Ac!,SGBEEK,Anya Jacobson,Female,,
376,vivanolan_2201560@aspireapp.com,12345678Ac!,SGBEEK,Beatrice Mante,Male,,
377,clementdenesik_6033854@aspireapp.com,12345678Ac!,SGTRAP,Cydney Gleichner,Female,,
378,margarettakuhn_4662951@example.com,12345678Ac!,SGTRAP,Kylie Schmidt,Male,,
379,tyreetoy_3775270@example.net,12345678Ac!,SGKAUN,Shyanne Hyatt,Female,,
380,ivahjaskolski_7875566@example.com,12345678Ac!,SGMNAW,Carmel Boyer,Male,,
381,penelopedeckow_4664773@example.net,123456,SGLEAF,Prof. Ruthie Skiles Dvm,Male,,
382,card.only546480@aspireapp.com,123456,SGLEAF,Card Only,Male,,
383,card.only16446@aspireapp.com,12345678Ac!,SGHUEM,Card Only,Female,,
384,lolahowell_63581@example.org,12345678Ac!,SGLCKA,Heloise Schamberger,Female,,
385,card.only_223202@aspireapp.com,12345678Ac!,SGPNMX,Card Only,Male,,
386,sheridanernser_5298080@example.org,12345678Ac!,SGECNL,Theron Rutherford,Female,ECNCI Ltd,9ab4823d-d41c-4441-b6d3-cc8ecbb98af7
387,ecnciemployee123@aspireapp.com,12345678Ac!,SGECNL,Dave Lynch,Female,ECNCI Ltd,9ab4b77d-4899-4349-998f-315a73ca6159
388,carolannewalker_4615820@example.net,12345678Ac!,SGDAU8,Gregorio Boyle,Female,Daugherty-Hagenes,9ab63b45-ca98-4463-93f4-dfec66420a9e
389,alainadibbert_312989@aspireapp.com,12345678Ac!,SGDAU8,Zora Daugherty,Female,Daugherty-Hagenes,9ab63d7c-3d2c-45a6-b2d5-0f6d0bf17f94
390,zoeyfeil_175482@example.org,12345678Ac!,SGGRMZ,Weldon Pfannerstill,Male,Grimes-Crona,9ab64aa5-d5a3-4044-b71d-d0ee57de5545
391,wilburnturner_729262@aspireapp.com,12345678Ac!,SGGRMZ,Courtney Anderson,Female,Grimes-Crona,9ab64c75-9a4c-4f69-a63e-4935864aba9f
392,kattiehoppe_1242862@example.net,12345678Ac!,SGCHRJ,Prof. Kody Howe,Female,Christiansen-Schneider,9ab653da-19e7-4eb4-af32-e4321a848d04
393,lelahbins_7877041@aspireapp.com,12345678Ac!,SGCHRJ,Terrance Mayer,Male,Christiansen-Schneider,9ab656ee-ded6-41ac-94f5-525f73ce8e33
394,destinikunze_6939776@example.net,12345678Ac!,SGHAZQ,Faustino Hoppe,Female,Hansen-Yost,9ab659c9-6a87-4cae-84c3-54ae670ad57b
395,everettesimonis_3463871@aspireapp.com,12345678Ac!,SGHAZQ,Jameson Renner,Male,Hansen-Yost,9ab65a8d-0f8e-48f4-87d2-60b2de74c7b3
396,nellamckenzie_539067@example.com,12345678Ac!,SGRAUC,Mr. Emmett Steuber,Male,"Rau, Conn and Bruen",9ab65e42-feb2-4abe-be56-645f0cc4f8b5
397,erikao'kon_6174669@aspireapp.com,12345678Ac!,SGRAUC,Ben Howe,Female,"Rau, Conn and Bruen",9ab65f4a-da80-400c-b851-1275073e409c
398,emelydouglas_8577577@example.com,12345678Ac!,SGBDEG
400,elianeglover_6807861@aspireapp.com,12345678Ac!,SGLUBG,Alexandro Hintz,Male,,98a69785-592c-41ba-951a-b6ff565c2ef6
401,alizereynolds_9870438@aspireapp.com,12345678Ac!,SGLUBG,Haleigh Batz,Male,,98a69785-592c-41ba-951a-b6ff565c2ef6
402,royalbosco_5970293@aspireapp.com,12345678Ac!,SGLUBG,Alejandrin Cormier,Female,,98a69785-592c-41ba-951a-b6ff565c2ef6
403,bertaschuster_5225631@aspireapp.com,12345678Ac!,SGLUBG,Ryleigh Wisoky,Female,,98a69785-592c-41ba-951a-b6ff565c2ef6
411,vivianupton_2845358@example.org,12345678Ac!,SGSKWX,,,SchoenInvoice
412,bufordconn_949565@example.com,12345678Ac!
413,stuartmoore_621008@example.net,12345678Ac!,SGKUKH,Rusty Bauch Iv,Female,Kuvalis
414,tressiefeil_3709444@aspireapp.com,12345678Ac!,SGARM6,Employee,Male,Armstrong Inc,
415,finance_submit+person-generation-1@aspireapp.com,12345678Ac!,,Catherine Kirlin
416,gregoryhaag_6171359@aspireapp.com,12345678Ac!,,Employee Gregory
417,charlesharris_3103273@aspireapp.com,12345678Ac!,,Employee 2 Charles
418,bills+admin@example.com,12345678Ac!,,Admin
419,everthettinger_4358268@example.com,12345678Ac!,SGMUSW,Bernhard Wolff,Female
420,haliewill_6082445@example.org,12345678Ac!,SGGRCM,Mrs. Gertrude Stracke,Female
421,kaileymonahan_7104970@aspireapp.com,12345678Ac!
422,charlesharris_3103273@aspireapp.com,12345678Ac!
426,eryncrona_9103284@example.net,12345678Ac!,SGPRCW,Dr. Florencio Homenick Dds,Male,Price-Ritchie,
427,lemuelbosco_1167033@example.org,12345678Ac!,SGSCFM,Effie Kunze,Male,Schiller-Cronin
428,pr_26@example.com,12345678Ac!,SGHEDC,Joelle Medhurst,Male,"Heidenreich, Cassin and Cruickshank",9acc8633-ab4b-4edd-b151-0b3d8a6aae6c
429,pr_23@example.com,12345678Ac!
430,susanpacocha_8534352@aspireapp.com,12345678Ac!,SGHLKY,Arlie Williamson,Male,,
431,elisabethtoy_2226804@aspireapp.com,12345678Ac!,SGHLKY,
432,madelinekeebler_3580570@example.org,12345678Ac!,SGGRMG,Miss Marge Gerlach,Male
433,amandagreenholt_4055692@aspireapp.com,12345678Ac!,SGGRMG,Frederik Heaney,
434,emmettbode_2560631@example.com,12345678Ac!,SGPADE,Elsa Goodwin,Female,Padberg-Hermiston
435,lizabailey_265907@aspireapp.com,12345678Ac!,SGPADE,Mavis Koelpin,Male,Padberg-Hermiston
436,andreannerosenbaum_1584062@example.org,12345678Ac!,SGMCA5,Mr. Taylor Stiedemann,Male,Cole and Quigley
437,marcelled'amore_2859177@aspireapp.com,Pass@112023,SGMCA5,Duncan White,Female,Cole and Quigley
438,emilehauck_142398@aspireapp.com,Pass@112023,SGRTZR,Brooke Bauch,Male,Ortiz Inc
439,martaglover_1901779@example.org,12345678Ac!,SGRTZR,Harley Pagac,Female,Ortiz Inc
440,keeganwehner_4893757@example.com,12345678Ac!,SGGRVU,Prof. Mckenna O'connell,Female,Giratina
441,caseywolf_2611266@example.com,12345678Ac!,SGVEUE,Dr. Ashley Mcglynn,Male,Pacocha and Ebert
442,lindsayrunolfsdottir_3999479@aspireapp.com,Pass@112023,SGVEUE,Joelle Pollich,Female,Pacocha and Ebert
443,adalbertokling_2439484@example.com,12345678Ac!,SGPAVJ,Dr. Reagan Howell,Male,Pavilion
444,deloresmorar_6226957@aspireapp.com,Pass@112023,SGPAVJ,Ben Bechtelar,Male,Pavilion
445,fernekub_9581957@aspireapp.com,Pass@112023,SGVNM6,Genevieve Armstrong,Male,Von-McDermott
446,fernbergstrom_2193922@example.org,12345678Ac!,SGBLL2,Aurore Stoltenberg,Male,Boehm Ltd
447,monroeschimmel_7168063@aspireapp.com,Pass@112023,SGBLL2,Benedict Grady,Male,Boehm Ltd
448,marquesgutmann_6957384@example.com,12345678Ac!,SGBRWL,Anastasia Stroman,Male,Brown-White
449,sandynader_8027308@example.net,12345678Ac!,SGZESW,Ms. Kaia Weimann,Female,Senger and Quitzon
450,hellenconnelly_818291@example.net,12345678Ac!,SGUP9W,Mr. Jasper Nienow Md,Female,Upton-Borer
451,eltaschaden_4052820@aspireapp.com,Pass@112023,SGUP9W,Dina Gerhold,Male,Upton-Borer
452,emilianoschowalter_2696688@example.org,12345678Ac!,SGGEPX,Pasquale Walsh Iii,Female,Gleason PLC
453,carsondietrich_6518798@aspireapp.com,Pass@112023,SGGEPX,Odie Buckridge,Female,Gleason PLC
454,carolinahane_4398254@example.org,12345678Ac!,SGRGGC,Oren Green,Female,Rogahn Group,
455,israelschowalter_4234710@example.org,12345678Ac!,SGLUGR,,,,,,
456,leslieryan_5911490@example.com,12345678Ac!,SGHELZ,Prof. Priscilla Mraz Iv,Male,,,,
457,montyparker_2877896@example.com,12345678Ac!,SGPURR,,,,,,
458,beulahosinski_6236428@example.com,12345678Ac!,SGLNDV,,,,,,
459,alankozey_6172034@example.com,12345678Ac!,SGCAH6,,,,,,
460,chesleytrantow_2240183@example.net,12345678Ac!,SGPNRP,Andreanne Murphy,Female,,
461,aliyahjerde_5841337@aspireapp.com,12345678Ac!,SGPNRP,Dewayne Kautzer,Female,,
462,macwyman_5388043@aspireapp.com,12345678Ac!,SGPNRP,Bella Leuschke,Female,,
463,troydach_8827511@aspireapp.com,12345678Ac!,SGKUAL
464,erichvolkman_4169023@aspireapp.com,12345678Ac!,SGSTLH
465,gerdaondricka_715376@aspireapp.com,12345678Ac!,SGLEAT
466,dejabrekke_4114469@aspireapp.com,12345678Ac!,SGANJE
467,dawncasper_5986732@aspireapp.com,12345678Ac!,SGANJE
468,sh_17@example.com,12345678Ac!,SGGALM,Meda King, Male,Gaylord Ltd, 9aa9c803-6250-4e75-8db8-2cdba28cbd2a
469,sh_15@example.com,12345678Ac!,SGMENM,Sunny Blick,Male,Mraz and Klocko,9aa858b3-2585-4446-9ee9-45da522cdf07
470,sh_20@example.com,12345678Ac!,SGKLNH,Saul Armstrong,Male,Koepp Ltd,9aac32b5-a52f-410a-a0d3-1401e278f152
471,sh_21@example.com,12345678Ac!,SGSATS,Kira Grant,Male,Sawayn and Koepp,9ab5fa32-5203-41b2-85a7-fdcbf7415223
483,abdielschulist_2317600@example.org,12345678Ac!,SGPRGR,Alexane Mcglynn,Female,,,,
484,augustusturner_262021@aspireapp.com,12345678Ac!,SGPRGR,Else Fahey,Female,,,,
485,joannyondricka_4945465@example.org,12345678Ac!,SGWAEF,Prof. Estevan Koss,Male,Waelchi Frami and Corwin,
486,antonettaleuschke_8672419@example.org,12345678Ac!,SGHLXU,Isabella Robel,Female,Heathcote Ltd,
487,kaianicolas_4062239@example.com,12345678Ac!,SGCAJK,,,Cartwright
488,reecewisozk_4454743@example.com,12345678Ac!,SGBYEC,,,Boyle,
490,tamiasawayn_8679133@example.net,12345678Ac!,SGGVCG,,,Glover
492,nataliahill_4997187@example.net,12345678Ac!,SGWATD,Jerrell Emard,Male,Walter-Rowe,
493,mosheemmerich_4466913@example.net,12345678Ac!,SGSTDW,Prof. Darius Heller,Male,Strosin DAmore and Wisozk,
494,kylermonahan_8385919@example.net,12345678Ac!,SGEQT5,Ken Lubowitz,Female,Ebert-Bogan,
495,fredyschulist_4846014@aspireapp.com,12345678Ac!,SGRELN,Newton Rempel,Male,Rempel LLC,
496,huntergoyette_3220482@aspireapp.com,12345678Ac!,SGRELN,Nasir Schneider,Male,Rempel LLC,
497,kaelynlebsack_169711@example.org,12345678Ac!,SGRELN,Allen Leuschke,Male,Rempel LLC,
498,cordialang_7943344@example.org,12345678Ac!,SGBEQU,Edgardo Batz,Male,Beer-Carter,9ada868a-cba1-47b3-ae09-e2d57920c4e6
499,gildafriesen_4959861@example.com,12345678Ac!,SGKERL,Mrs. Nola Murray,female,Kertzmann Ltd,9adac9ac-0faa-4410-8a3a-7c03eb8785c9
500,soledadbailey_3855194@example.com,12345678Ac!,SGGELK,Hallie Predovic,female,Gerlach Ltd,9adad29e-5beb-4554-aa73-3134cc7c8e85
510,damienkunde_9262429@example.org,12345678Ac!,SGCRGY,Laverna Crist,Male,Cronin Group
511,alfredschimmel_609753@example.org,12345678Ac!
512,laurettaswaniawski_3140517@example.com,12345678Ac!,SGRAVU,Prof. Nels Koepp,,raticate,
513,fannybergstrom_5044178@example.net,12345678Ac!,SGEKAH,Mose Smith,,Ekans
514,gerardolabadie_4839241@example.org,12345678Ac!,SGDDRG,,,Dodrio
515,nikitahegmann_4624347@example.net,12345678Ac!
516,einodietrich_7488550@example.com,12345678Ac!
517,pr_37+person-generation-1@aspireapp.com,12345678Ac!,SGSCUK,Bryon Brown,Male,Schulist-Cremin
518,brauliohuels_2146217@aspireapp.com,123654@Aspire,SGBRA3,Harmony Dickinson
519,axelroob_4590230@example.net,12345678Ac!,SGBRA3,Summer Muller Phd,Male,Sipesco
520,vanessaheaney_8132306@example.com,12345678Ac!,SGHEHP,Alia Bhatt,Male,Hettinger
521,tommiepouros_8502851@aspireapp.com,12345678Ac!
522,anselbaumbach_2259257@example.net,12345678Ac!,SGRMKC,,,Romaguera Inc
524,christianahickle_1059056@example.org,12345678Ac!,SGYXFQ
525,chayapurdy_5455091@aspireapp.com,12345678Ac!,SGWSZZ
526,katelindibbert_370270@example.net,12345678Ac!,SGHDKP
527,braxtonhudson_2134023@example.org,12345678Ac!,SGBAPF
528,aureliaryan_6493591@example.com,12345678Ac!,SGBA4V
529,samanthawiegand_7006439@example.net,12345678Ac!,SGBAJF
530,bonitafadel_2483196@example.com,12345678Ac!,SGLTTN,Golda Lueilwitz,Female,Little-Prosacco
531,araklein_5528077@example.com,12345678Ac!,SGTLWY,Haven Stanton V,Female,Terry Ltd
532,weldoncummerata_1061191@example.net,12345678Ac!,SGMETB,Nichole Wolff,Female,Metz Beier and Wyman
533,janelleschneider_7168075@example.net,12345678Ac!,SGRALR,Jerad Jones,Female,Ratke Ltd
534,manleytreutel_31408@example.net,12345678Ac!,SGBARY,Kip Parisian Jr.,Female,Barton-Wisozk
535,tristonjacobson_8736375@example.com,12345678Ac!,SGGVEY,Ericka Reilly,Female,Glover-Brekke
536,orionzboncak_9557176@example.org,12345678Ac!,SGSCPH,Wilbert Bartoletti,Male,Schulist Parisian and Grimes
537,finance.transfer.only_486323@aspireapp.com,123654Ac!,FNTENC,Financebo,Male,,
538,card.only_906378@aspireapp.com,123654Ac!,CAR6JZ,Employee,Female
539,auto_claim_c11286@aspireapp.com,123654Ac!,SGCALY,Dereck Hills,Male,,,
540,auto_claim_c1304@aspireapp.com,123654Ac!,SGCALY,Jovan Herzog,Male,,,
541,ambrosehowell_9915143@aspireapp.com,12345678Ac!,KENHR3,Kennedy Hansen,Female,,
542,judahnienow_6332455@example.com,12345678Ac!,SGGUSE,Justine Lockman,Female,Gusikowski-McDermott,9ad62f08-2444-4a2c-8df9-18cfbbe63a14
543,c11367+person-generation-2@aspireapp.com,12345678Ac!,SGPADG,Wilma Hyatt,Female,Padberg Group,9ad62f08-2444-4a2c-8df9-18cfbbe63a14
544,c11367+person-generation-1@aspireapp.com,12345678Ac!,SGPADG,Lottie Monahan,Female,Padberg Group,9ad62f08-2444-4a2c-8df9-18cfbbe63a14
545,avisgislason_9511633@aspireapp.com,12345678Ac!,SGGRA3,Tate Johnston,Male,Grady-Quitzon,9ada2917-0236-47e9-b722-d618aa6da945
546,jarrellziemann_7185638@example.org,12345678Ac!,SGGRA3,Dayna Breitenberg,Female,Grady-Quitzon,9ada2917-0236-47e9-b722-d618aa6da945
547,hobartabbott_7753683@example.com,12345678Ac!,MSSKAD,Miss Katlynn,Female,Fahey and Gutmann,9ada2917-0236-47e9-b722-d618aa6da945
552,ashtonprosacco_8581137@aspireapp.com,12345678Ac!,SGFAAR,Hellen Goldner,Male,Fahey Abshire and Hegmann
553,shanelleharris_553797@example.org,12345678Ac!,SGHLJJ,Georgiana Mitchell,Female,HeathLegder LLC
554,anselcollier_2899099@aspireapp.com,12345678Ac!,SGHLJJ,Finance Submit Only,Male
555,kraigsmitham_3329042@example.com,12345678Ac!,SGBEMG,Dr. Betsy Cummings Dds,Female,,
556,sabinagleichner_9645751@aspireapp.com,123789,SGBEMG,Financetransferonly,Male,,
557,electaerdman_2920052@example.net,12345678Ac!,SGHGHY,Enrique Oberbrunner,Male,,
558,sophieschultz_4622178@aspireapp.com,123654,SGHGHY,Financetransferonly,Female,,
559,leonardowunsch_2131991@example.org,12345678Ac!,KRSPUR,Kristina Purdy,Female,,
560,kevenbernhard_2052563@aspireapp.com,12345678Ac!,KRSPUR,Haleigh Hane,Female,,
561,gordonconn_7257172@aspireapp.com,12345678Ac!,SGHGHY,Sid Dach,Female,,
562,meggiestreich_787843@example.net,12345678Ac!,SGMANP,Myrna Kautzer,Male,Mante PLC,9ab7f0f7-7289-48c9-b074-a8e0b756a25c
563,broderickwilderman_78504@aspireapp.com,12345678Ac!,SGMANP,Ima Vonrueden,Male,Mante PLC,9ab7f677-29d1-4140-babc-e347b1210e24
564,barneytowne_8814076@example.org,12345678Ac!,SGBEHN,Magdalena Wilderman,Male,Boehm Inc,9aba114f-ad69-4d06-aa7b-9dc554cf2adb
565,randyframi_7594113@aspireapp.com,12345678Ac!,SGBEHN,Nico Waelchi,Male,Boehm Inc,9aba1262-3992-4a2a-8c6b-1ffdd7727357
566,lucindaabernathy_5200310@example.net,12345678Ac!,SGCNLP,Geraldine Cormier,Male,Considine-Cruickshank,9ab8a3b1-818c-4602-b86b-f4c5f0f5a925
567,missouritromp_5204419@aspireapp.com,12345678Ac!,SGCNLP,Jonatan Bauch,Male,Considine-Cruickshank,9ab8b40c-0198-4e53-a2b6-a1416fe062bc
568,eribertospencer_5837065@example.org,12345678Ac!,SGHA9S,Shyanne Abshire,Female,Harvey-Wilderman,9ab897ff-92c0-4c48-83b9-1dd51353618f
569,dejuansawayn_1495214@aspireapp.com,12345678Ac!,SGHA9S,Donavon Paucek,Female,Harvey-Wilderman,9ab89958-152e-4601-8114-4500608d48e7
570,ceasarlindgren_4434062@example.net,12345678Ac!,SGBE8V,Jalon Reilly,Female,Bednar-Quitzon,
571,mariahd'amore_1493116@example.net,12345678Ac!,SGCNHK,Julianne Howell,Male,,
572,chelsieleannon_4793096@example.net,12345678Ac!,SGPFE4,Bill Tremblay,Male,,
573,murphyritchie_3475414@example.net,12345678Ac!,SGMRLH,Stone Hand,Male,,
574,jamelward_8394741@example.com,12345678Ac!,SGRE9M,Admin1,Male,,
575,libbyblock_3002524@example.com,12345678Ac!,SGFADB,Odessa Schinner Iii,Female,,
576,ariellehowe_3343615@example.com,12345678Ac!,SGHEB4,Miller Romaguera,Male,Bauch and Satterfield,
577,ivajacobson_729354@example.com,12345678Ac!,SGBKRQ,Dr. Arnaldo Grady,Female,Bergstrom-Larkin,9aba0540-e584-4b90-99a3-c577d2ea44d2
578,darenjerde_3127949@aspireapp.com,12345678Ac!,SGBKRQ,Madelynn Stokes,Female,Bergstrom-Larkin,9aba08ce-b512-4600-8ee8-01a3509a51f1
579,sydneybins_2207317@example.com,12345678Ac!,SGRAK8,Selmer Dietrich,Male,,
580,tavareskoelpin_1238062@example.org,12345678Ac!,AEXANK,Alexandrine Ankunding Sr.,Female,,9af67b11-64da-49f0-8ba8-39206bc0421b
581,kiannatrantow_9659411@aspireapp.com,12345678Ac!,AGUKEP,Agustina Koepp,Male,,9af67b11-64da-49f0-8ba8-39206bc0421b
582,okeypredovic_1386199@aspireapp.com,12345678Ac!,RUBGER,Ruben Gerhold,Female,,9af67b11-64da-49f0-8ba8-39206bc0421b
583,zuladubuque_1654871@aspireapp.com,12345678Ac!
584,mylesbode_8913573@aspireapp.com,12345678Ac!
585,elizabethterry_1988882@aspireapp.com,12345678Ac!
586,clintonbayer_8201758@aspireapp.com,12345678Ac!
587,cletuslittel_7387656@example.net,12345678Ac!,SGGAG4,Lawrence Wolff,Female,,,1659436115,ID,02081995-ddMMyyyy
588,garnetkozey_8542049@example.com,12345678Ac!,SGVANZ,Mrs. Clotilde Kuhlman,Female,,,1146586068,ID,29111996-ddMMyyyy
589,berthahauck_2843887@aspireapp.com,12345678Ac!,SGLAKC,Minnie Fritsch,,Bookkeeping
590,shanelgerlach_785331@aspireapp.com,12345678Ac!,SGBERN,Waylon Huels,,BernhardAuto
591,jadyngrant_7395742@aspireapp.com,12345678Ac!
592,donnamills_7059958@aspireapp.com,12345678Ac!
593,alfredavon_1616795@example.com,12345678Ac!,SGCUPR,Nikita Torp,Female
594,rhiannonkerluke_6795525@example.com,12345678Ac!,SGLEAS,Marta Schumm,Female,Leannon_Schumm and Price,9a9e2e17-59b4-45c5-a4c0-21c1d26d8593
595,roxanefahey_7693047@example.org,12345678Ac!
596,helenajakubowski_9346987@example.net,12345678Ac!
597,milobogisich_6153776@example.org,12345678Ac!
598,ilenebalistreri_2839126@example.org,12345678Ac!
599,xero+person-generation-1@aspireapp.com,12345678Ac!,,,,,,,
600,alizakertzmann_6450717@example.org,12345678Ac!,SGHCKM,Citlalli Streich,,Hickle-Haag
602,aliamorissette_4232443@example.org,12345678Ac!,SGHPQ2,Joesph Schaefer,Male,,
603,jessywalter_1321727@example.net,12345678Ac!,SGTRB5,Admin,Female,,
604,diamondhoeger_7671765@aspireapp.com,123654,SGTRB5,Zack Stokes,Female,,
609,christopfranecki_5687614@example.net,12345678Ac!,SGRUNW,Dr. Roosevelt Mohr,Male,,,
610,jermainemcdermott_6504879@aspireapp.com,12345678Ac!,SGRUNW,Dax Mayert,Female,,,
611,catherinemarks_9424921@example.net,12345678Ac!,SGWZDT,Fredy Monahan,Male,,,
612,kristofercollins_1290834@aspireapp.com,12345678Ac!,SGWZDT,Alanna Funk,Male,,,
613,queencrooks_5642744@example.com,12345678Ac!,SGFRMT,Mylene Grady,Male,,,
614,kattiesawayn_7014632@aspireapp.com,12345678Ac!,SGFRMT,Kyla Mills,Male,,,
615,brittanybruen_8580227@example.net,12345678Ac!,SGKULJ,Ms. Sibyl Prosacco,Female,,,
616,bodare_9802102@aspireapp.com,12345678Ac!,SGKULJ,Katheryn Von,Male,,,
617,forrestschmidt_5631295@example.com,12345678Ac!,SARJNV,Sarah Hill,Male,,,
618,brownklein_5803530@example.org,12345678Ac!,SGKRGF,Bettie Haley,Male,Krajcik Group
619,monawatsica_5321259@example.org,12345678Ac!,SGFUGF
620,gunnarnienow_7953828@example.net,12345678Ac!,SGANPE
621,oceanehill_2423152@example.net,12345678Ac!,SGSC2L,Ms. Duane Bauch,Male,Schuster-Pagac,9abc9721-3dec-480e-8097-d57a16d04f9f
622,adrienferry_2029107@example.com,12345678Ac!,SGCHRK,Ms. Cathrine Bogisich,Female,Kunde and Connelly,9abfd4e0-c6d5-44ae-a5a1-2a5c623697aa
623,quinnwilkinson_6639224@example.net,12345678Ac!,SGDACE,Paige Crona,Male,,Dach-Rodriguez,,
624,olafschuppe_1634551@example.com,12345678Ac!,SGHPPF,Emelia Kuvalis,Female,Hoppe Flatley and Padberg,9ac403a5-68ad-4db9-b5a3-1697ca984803
625,salvadormitchell_3924360@example.net,12345678Ac!,SGHULS,Kristian Bartell Ii,Female,Huels LLC
626,tillmanwitting_9165676@example.com,12345678Ac!,SGBAUS,Miss Linnie Effertz V,Male,"Baumbach, Spinka and Bahringer"
627,madiekunze_5783794@example.org,12345678Ac!,SGKEBB,Josiane Lindgren,Male,,
628,madie_employee@aspireapp.com,12345678Ac!,SGKEBB,Card Only,Male,,
629,justiceroberts_2367427@example.org,12345678Ac!,SGWUNC,Jonas Pouros,Female,,
630,coopermarvin_1721599@example.com,12345678Ac!,SGGDWL,Dr. Linda Reynolds Dvm,Female,Goodwin Ltd,
631,kylerlynch_3967535@example.org,12345678Ac!,SGJHNB,Golda Mosciski,Male,Johnston Inc,
632,melliestreich_4326321@aspireapp.com,12345678Ac!,SGSCK9,Karolann Stanton,Male,SchusterKonopelski,,,,,
633,macikohler_4859707@example.org,12345678Ac!,SGBEAM,Dandre Lemke,Female,McKenzie and Sipes,
634,brennonupton_1691142@aspireapp.com,12345678Ac!,SGREM7,Employee,Male,Rempel-Kuhic,
635,betsyroob_9778483@aspireapp.com,12345678Ac!,SGMUHR,Soledad Swaniawski,Male,Harber and Bayer,
636,anthonycummings_7391357@aspireapp.com,12345678Ac!,SGHEG2,Bernardo Kshlerin,Male,Hoeger-Cremin,
637,alirunolfsson_59052@aspireapp.com,12345678Ac!,SGSCRN,Elmer Lemke,Raynor and Schaden,
638,aniyahmurray_110919@example.com,12345678Ac!,SGSCRN,
639,georohan_528450@example.net,12345678Ac!,SGSLG3,ERNXEZ
646,kailynlarkin_6997098@example.org,12345678Ac!,SGSCTR,Ada Zemlak,Female,Schinner-Larson,,,,,
647,wainotreutel_5470875@example.com,12345678Ac!,SGMNYY,Chance Koepp,Female,Monahan-Kuhn
648,ivymonahan_1225583@example.com,12345678Ac!,SGMCDN,Axel Lakin,Female,McClure-Gulgowski
649,harleyupton_4657698@aspireapp.com,Pass@112023,SGZESW,Rose Kohler,Male,Senger and Quitzon
650,qa.admin@sp.com,12345678Ac!,JRDHAM,Jordon Hamill,Male,Haley, Nader and Fay,